{"cameraMode":{"drawMode":0,"name":"Shaded","section":"Shading Mode"},"sceneLighting":true,"audioPlay":false,"sceneViewState":{"m_AlwaysRefresh":false,"showFog":true,"showSkybox":true,"showFlares":true,"showImageEffects":true,"showParticleSystems":true,"showVisualEffectGraphs":true,"m_FxEnabled":true},"in2DMode":false,"pivot":{"x":6.5749897956848148,"y":2.2162280082702638,"z":-14.424640655517579},"rotation":{"x":-0.00006435987597797066,"y":0.9999145865440369,"z":-0.011398252099752427,"w":-0.005704004317522049},"size":9.884485244750977,"orthographic":true}